{
	"Name": "Varosi rendezveny kozpont",
	"Address": "3214, Valami Varos, xy utca 10",
	"Events": [
		{
			"Name": "szinhazi eloadas",
			"StartsAt": "2023-06-20T19:15:00",
			"EndsAt": "2023-06-20T22:40:00",
			"GuestCount": 140
		},
		{
			"Name": "unnepi vacsora",
			"StartsAt": "2023-05-19T20:00:00",
			"EndsAt": "2023-05-19T23:00:00",
			"GuestCount": 80
		},
		{
			"Name": "szerepjatek est",
			"StartsAt": "2023-07-28T16:00:00",
			"EndsAt": "2023-07-29T06:30:00",
			"GuestCount": 25
		},
		{
			"Name": "festeszeti kiallitas",
			"StartsAt": "2023-05-30T08:30:00",
			"EndsAt": "2023-05-30T19:00:00",
			"GuestCount": 583
		},
		{
			"Name": "virag vasar",
			"StartsAt": "2023-06-03T10:00:00",
			"EndsAt": "2023-06-03T20:00:00",
			"GuestCount": 319
		},
		{
			"Name": "zenei est",
			"StartsAt": "2023-06-11T18:00:00",
			"EndsAt": "2023-06-12T02:00:00",
			"GuestCount": 89
		}
	]
}